Handle,Image Src
blephadex-eyelid-foam-1-month-bottle,https://raw.githubusercontent.com/Mobo4/dryeyela-hydrogen/main/public/products_processed/blephadex-eyelid-foam-1-month-bottle.png
blephadex-warming-eyelid-wipes-1-month-box-of-30,https://raw.githubusercontent.com/Mobo4/dryeyela-hydrogen/main/public/products_processed/blephadex-warming-eyelid-wipes-1-month-box-of-30.png
bruder-hygienic-eyelid-cleansers-combo-pack-spray-wipes,https://raw.githubusercontent.com/Mobo4/dryeyela-hydrogen/main/public/products_processed/bruder-hygienic-eyelid-cleansers-combo-pack-spray-wipes.png
bruder-hygienic-eyelid-care-kit,https://raw.githubusercontent.com/Mobo4/dryeyela-hydrogen/main/public/products_processed/bruder-hygienic-eyelid-care-kit.png
eyes-are-the-story-eye-proof-facial-cleanser-125ml-bottle,https://raw.githubusercontent.com/Mobo4/dryeyela-hydrogen/main/public/products_processed/eyes-are-the-story-eye-proof-facial-cleanser-125ml-bottle.png
acuvue-revitalens-multi-purpose-disinfecting-solution-10-oz-pack-of-2,https://raw.githubusercontent.com/Mobo4/dryeyela-hydrogen/main/public/products_processed/acuvue-revitalens-multi-purpose-disinfecting-solution-10-oz-pack-of-2.png
doctor-s-optimal-formula-dry-eye-omega-therapy-60-softgels,https://raw.githubusercontent.com/Mobo4/dryeyela-hydrogen/main/public/products_processed/doctor-s-optimal-formula-dry-eye-omega-therapy-60-softgels.png
bruder-dry-eye-mask-eyelid-sheets-1-mask-and-1-box-of-eyelid-sheets,https://raw.githubusercontent.com/Mobo4/dryeyela-hydrogen/main/public/products_processed/bruder-dry-eye-mask-eyelid-sheets-1-mask-and-1-box-of-eyelid-sheets.png
avenova-lubricant-eye-drops-twin-pack-15ml-bottles,https://raw.githubusercontent.com/Mobo4/dryeyela-hydrogen/main/public/products_processed/avenova-lubricant-eye-drops-twin-pack-15ml-bottles.png
can-c-lubricant-eye-drops-with-n-acetylcarnosine-2-pack-of-5-ml-bottles,https://raw.githubusercontent.com/Mobo4/dryeyela-hydrogen/main/public/products_processed/can-c-lubricant-eye-drops-with-n-acetylcarnosine-2-pack-of-5-ml-bottles.png
heyedrate-eye-make-up-remover-oil,https://raw.githubusercontent.com/Mobo4/dryeyela-hydrogen/main/public/products_processed/heyedrate-eye-make-up-remover-oil.png
focus-relief-plus-dry-eye-formula-90-ct-30-day-supply,https://raw.githubusercontent.com/Mobo4/dryeyela-hydrogen/main/public/products_processed/focus-relief-plus-dry-eye-formula-90-ct-30-day-supply.png
medop-maxitears-dry-eye-formula-120-softgels-30-day-supply,https://raw.githubusercontent.com/Mobo4/dryeyela-hydrogen/main/public/products_processed/medop-maxitears-dry-eye-formula-120-softgels-30-day-supply.png
eyes-are-the-story-eye-proof-mascara-trio-set-3-non-flaking-mini-mascaras-for-sensitive-eyes,https://raw.githubusercontent.com/Mobo4/dryeyela-hydrogen/main/public/products_processed/eyes-are-the-story-eye-proof-mascara-trio-set-3-non-flaking-mini-mascaras-for-sensitive-eyes.png
focus-blue-light-mango-flavored-gummies-60ct-1-month-supply,https://raw.githubusercontent.com/Mobo4/dryeyela-hydrogen/main/public/products_processed/focus-blue-light-mango-flavored-gummies-60ct-1-month-supply.png
ezi-lens-applicators-1-pack,https://raw.githubusercontent.com/Mobo4/dryeyela-hydrogen/main/public/products_processed/ezi-lens-applicators-1-pack.png
eyes-are-the-story-eye-proof-serum-30ml-bottle,https://raw.githubusercontent.com/Mobo4/dryeyela-hydrogen/main/public/products_processed/eyes-are-the-story-eye-proof-serum-30ml-bottle.png
fiteyez-eye-fitness-gummies-complete-multivitamin-for-your-eyes-wild-berry-60ct-1-month-supply,https://raw.githubusercontent.com/Mobo4/dryeyela-hydrogen/main/public/products_processed/fiteyez-eye-fitness-gummies-complete-multivitamin-for-your-eyes-wild-berry-60ct-1-month-supply.png
healthycell-rem-sleep-supplement-and-sleep-aid-30-gel-packs,https://raw.githubusercontent.com/Mobo4/dryeyela-hydrogen/main/public/products_processed/healthycell-rem-sleep-supplement-and-sleep-aid-30-gel-packs.png
eyetamins-vitaleyes-eye-and-brain-health-supplement-60-capsules,https://raw.githubusercontent.com/Mobo4/dryeyela-hydrogen/main/public/products_processed/eyetamins-vitaleyes-eye-and-brain-health-supplement-60-capsules.png
hydroeye-softgels-with-blink-tears-lubricant-tears-bundle,https://raw.githubusercontent.com/Mobo4/dryeyela-hydrogen/main/public/products_processed/hydroeye-softgels-with-blink-tears-lubricant-tears-bundle.png
eyetamins-vitaleyes-eye-and-brain-health-supplement-2-pack-of-60-capsules-each,https://raw.githubusercontent.com/Mobo4/dryeyela-hydrogen/main/public/products_processed/eyetamins-vitaleyes-eye-and-brain-health-supplement-2-pack-of-60-capsules-each.png
macular-support-formula-for-eye-health-180-count-areds-2-formula-age-related-macular-degeneration-amd,https://raw.githubusercontent.com/Mobo4/dryeyela-hydrogen/main/public/products_processed/macular-support-formula-for-eye-health-180-count-areds-2-formula-age-related-macular-degeneration-amd.png
i-med-pharma-dry-eye-essentials-kit,https://raw.githubusercontent.com/Mobo4/dryeyela-hydrogen/main/public/products_processed/i-med-pharma-dry-eye-essentials-kit.png
ocusoft-dry-eye-mask-premium-single-mask,https://raw.githubusercontent.com/Mobo4/dryeyela-hydrogen/main/public/products_processed/ocusoft-dry-eye-mask-premium-single-mask.png
myboclean-hydrating-lids-and-lash-cleansing-gel-1-bottle,https://raw.githubusercontent.com/Mobo4/dryeyela-hydrogen/main/public/products_processed/myboclean-hydrating-lids-and-lash-cleansing-gel-1-bottle.png
menicon-progent-biweekly-contact-lens-cleaner-removes-protein-deposits-7-treatments,https://raw.githubusercontent.com/Mobo4/dryeyela-hydrogen/main/public/products_processed/menicon-progent-biweekly-contact-lens-cleaner-removes-protein-deposits-7-treatments.png
ocusoft-lid-scrub-allergy-eyelid-cleanser-2-x-30-wipes-2-pack,https://raw.githubusercontent.com/Mobo4/dryeyela-hydrogen/main/public/products_processed/ocusoft-lid-scrub-allergy-eyelid-cleanser-2-x-30-wipes-2-pack.png
ocusoft-dry-eye-kit,https://raw.githubusercontent.com/Mobo4/dryeyela-hydrogen/main/public/products_processed/ocusoft-dry-eye-kit.png
myboclean-combo-pack-year-supply-daily-eyelid-cleansing-brush-4-pc-lids-and-lash-gel-2-bottles,https://raw.githubusercontent.com/Mobo4/dryeyela-hydrogen/main/public/products_processed/myboclean-combo-pack-year-supply-daily-eyelid-cleansing-brush-4-pc-lids-and-lash-gel-2-bottles.png
muro-128-sodium-chloride-ointment-temporary-relief-for-corneal-edema-5-solution-1-8-fl-oz-3-5-g,https://raw.githubusercontent.com/Mobo4/dryeyela-hydrogen/main/public/products_processed/muro-128-sodium-chloride-ointment-temporary-relief-for-corneal-edema-5-solution-1-8-fl-oz-3-5-g.png
tearrestore-bundle-mask-3-reusable-heat-packs-collapsible-reactivation-kettle,https://raw.githubusercontent.com/Mobo4/dryeyela-hydrogen/main/public/products_processed/tearrestore-bundle-mask-3-reusable-heat-packs-collapsible-reactivation-kettle.png
tearrestore-basic-mask-2-reusable-heat-packs,https://raw.githubusercontent.com/Mobo4/dryeyela-hydrogen/main/public/products_processed/tearrestore-basic-mask-2-reusable-heat-packs.png
tearrestore-reactivation-kettle,https://raw.githubusercontent.com/Mobo4/dryeyela-hydrogen/main/public/products_processed/tearrestore-reactivation-kettle.png
optase-tea-tree-oil-eye-lid-cleansing-gel,https://raw.githubusercontent.com/Mobo4/dryeyela-hydrogen/main/public/products_processed/optase-tea-tree-oil-eye-lid-cleansing-gel.png
purilens-plus-preservative-free-saline-multiple-sizes-and-packs,https://raw.githubusercontent.com/Mobo4/dryeyela-hydrogen/main/public/products_processed/purilens-plus-preservative-free-saline-multiple-sizes-and-packs.png
systane-ultra-high-performance-lubricant-eye-drops-10ml-bottle,https://raw.githubusercontent.com/Mobo4/dryeyela-hydrogen/main/public/products_processed/systane-ultra-high-performance-lubricant-eye-drops-10ml-bottle.png
optimel-manuka-dry-eye-drops-0-2-0-34-oz-10ml-bottle,https://raw.githubusercontent.com/Mobo4/dryeyela-hydrogen/main/public/products_processed/optimel-manuka-dry-eye-drops-0-2-0-34-oz-10ml-bottle.png
refresh-optive-mega-3-0-4ml-vials,https://raw.githubusercontent.com/Mobo4/dryeyela-hydrogen/main/public/products_processed/refresh-optive-mega-3-0-4ml-vials.png
skinmedica-instant-bright-eye-cream-0-5-oz,https://raw.githubusercontent.com/Mobo4/dryeyela-hydrogen/main/public/products_processed/skinmedica-instant-bright-eye-cream-0-5-oz.png
skinmedica-essential-defense-mineral-shield-spf-32-sunscreen-tinted-1-85-oz,https://raw.githubusercontent.com/Mobo4/dryeyela-hydrogen/main/public/products_processed/skinmedica-essential-defense-mineral-shield-spf-32-sunscreen-tinted-1-85-oz.png
refresh-optive-lubricant-eye-drops-mega-3-2-x-30-pack-60ct-pack,https://raw.githubusercontent.com/Mobo4/dryeyela-hydrogen/main/public/products_processed/refresh-optive-lubricant-eye-drops-mega-3-2-x-30-pack-60ct-pack.png
systane-icaps-eye-vitamin-areds2-formula-softgels-120ct,https://raw.githubusercontent.com/Mobo4/dryeyela-hydrogen/main/public/products_processed/systane-icaps-eye-vitamin-areds2-formula-softgels-120ct.png
zocufoam-eyelid-cleanser-and-moisturizer-3-month-supply,https://raw.githubusercontent.com/Mobo4/dryeyela-hydrogen/main/public/products_processed/zocufoam-eyelid-cleanser-and-moisturizer-3-month-supply.png
we-love-eyes-focused-eye-roll-tone-de-puff-relax-tired-eyes-hot-compress-for-massaging-meibomian-glands-fingertip-precision,https://raw.githubusercontent.com/Mobo4/dryeyela-hydrogen/main/public/products_processed/we-love-eyes-focused-eye-roll-tone-de-puff-relax-tired-eyes-hot-compress-for-massaging-meibomian-glands-fingertip-precision.png
we-love-eyes-100-all-natural-tea-tree-makeup-remover-oil-effortlessly-remove-waterproof-makeup-and-eyeliner-30ml,https://raw.githubusercontent.com/Mobo4/dryeyela-hydrogen/main/public/products_processed/we-love-eyes-100-all-natural-tea-tree-makeup-remover-oil-effortlessly-remove-waterproof-makeup-and-eyeliner-30ml.png
we-love-eyes-all-natural-tea-tree-eyelid-cleansing-oil-eyelid-scrubs-eyelid-hygiene-wash-away-bacteria-demodex-debris-100-preservative-free-australian-tea-tree-oil-30ml,https://raw.githubusercontent.com/Mobo4/dryeyela-hydrogen/main/public/products_processed/we-love-eyes-all-natural-tea-tree-eyelid-cleansing-oil-eyelid-scrubs-eyelid-hygiene-wash-away-bacteria-demodex-debris-100-preservative-free-australian-tea-tree-oil-30ml.png
we-love-eyes-eyelid-margin-cleansing-brush-use-with-eyelid-products,https://raw.githubusercontent.com/Mobo4/dryeyela-hydrogen/main/public/products_processed/we-love-eyes-eyelid-margin-cleansing-brush-use-with-eyelid-products.png
visual-advantage-macular-support-multivitamin-areds-2-vitamins-for-macular-degeneration-lutein-and-zeaxanthin-180-soft-gels,https://raw.githubusercontent.com/Mobo4/dryeyela-hydrogen/main/public/products_processed/visual-advantage-macular-support-multivitamin-areds-2-vitamins-for-macular-degeneration-lutein-and-zeaxanthin-180-soft-gels.png
we-love-eyes-eyelid-margin-scrub-brush,https://raw.githubusercontent.com/Mobo4/dryeyela-hydrogen/main/public/products_processed/we-love-eyes-eyelid-margin-scrub-brush.png
bruder-eye-compress-cold-therapy,https://raw.githubusercontent.com/Mobo4/dryeyela-hydrogen/main/public/products_processed/bruder-eye-compress-cold-therapy.png
ocusoft-lid-scrub-plus-foam-50ml,https://raw.githubusercontent.com/Mobo4/dryeyela-hydrogen/main/public/products_processed/ocusoft-lid-scrub-plus-foam-50ml.png
renu-multi-purpose-solution-twin-pack,https://raw.githubusercontent.com/Mobo4/dryeyela-hydrogen/main/public/products_processed/renu-multi-purpose-solution-twin-pack.png
acuvue-revitalens-multi-purpose-disinfecting-solution-10-oz-pack-of-3,https://raw.githubusercontent.com/Mobo4/dryeyela-hydrogen/main/public/products_processed/acuvue-revitalens-multi-purpose-disinfecting-solution-10-oz-pack-of-3.png
biotrue-multi-purpose-contact-lens-solution-2-pack,https://raw.githubusercontent.com/Mobo4/dryeyela-hydrogen/main/public/products_processed/biotrue-multi-purpose-contact-lens-solution-2-pack.png
bruder-hygienic-eyelid-cleansing-wipes-30-pre-moistened-wipes,https://raw.githubusercontent.com/Mobo4/dryeyela-hydrogen/main/public/products_processed/bruder-hygienic-eyelid-cleansing-wipes-30-pre-moistened-wipes.png
skinmedica-tns-eye-repair,https://raw.githubusercontent.com/Mobo4/dryeyela-hydrogen/main/public/products_processed/skinmedica-tns-eye-repair.png
is-clinical-youth-eye-complex-15g-0-5-oz,https://raw.githubusercontent.com/Mobo4/dryeyela-hydrogen/main/public/products_processed/is-clinical-youth-eye-complex-15g-0-5-oz.png
tranquil-eyes-advanced-formula-2-tea-tree-eyelid-and-facial-cleanser-2-pack-50ml-bottles,https://raw.githubusercontent.com/Mobo4/dryeyela-hydrogen/main/public/products_processed/tranquil-eyes-advanced-formula-2-tea-tree-eyelid-and-facial-cleanser-2-pack-50ml-bottles.png
eyetamins-dry-eye-comfort-natural-supplements-for-dry-eyes-60ct-x-3-bundle,https://raw.githubusercontent.com/Mobo4/dryeyela-hydrogen/main/public/products_processed/eyetamins-dry-eye-comfort-natural-supplements-for-dry-eyes-60ct-x-3-bundle.png
is-clinical-eclipse-spf-50-perfect-tint-beige,https://raw.githubusercontent.com/Mobo4/dryeyela-hydrogen/main/public/products_processed/is-clinical-eclipse-spf-50-perfect-tint-beige.png
is-clinical-eclipse-spf-50,https://raw.githubusercontent.com/Mobo4/dryeyela-hydrogen/main/public/products_processed/is-clinical-eclipse-spf-50.png
vibrant-vue-saline-lens-rinse-and-insertion-fill-solution-100-preservative-free-100-vial-box,https://raw.githubusercontent.com/Mobo4/dryeyela-hydrogen/main/public/products_processed/vibrant-vue-saline-lens-rinse-and-insertion-fill-solution-100-preservative-free-100-vial-box.png
vibrant-vue-lid-and-lash-cleanser-hypochlorous-solution-for-irritated-and-dry-eyes-90ml-bottle-3-month-supply,https://raw.githubusercontent.com/Mobo4/dryeyela-hydrogen/main/public/products_processed/vibrant-vue-lid-and-lash-cleanser-hypochlorous-solution-for-irritated-and-dry-eyes-90ml-bottle-3-month-supply.png
is-clinical-sheald-recovery-balm,https://raw.githubusercontent.com/Mobo4/dryeyela-hydrogen/main/public/products_processed/is-clinical-sheald-recovery-balm.png
nordic-naturals-nordic-omega-3-gummies,https://raw.githubusercontent.com/Mobo4/dryeyela-hydrogen/main/public/products_processed/nordic-naturals-nordic-omega-3-gummies.png
we-love-eyes-complete-toolkit-for-eyelashes,https://raw.githubusercontent.com/Mobo4/dryeyela-hydrogen/main/public/products_processed/we-love-eyes-complete-toolkit-for-eyelashes.png
we-love-eyes-in-between-eyelash-cleansing-brush,https://raw.githubusercontent.com/Mobo4/dryeyela-hydrogen/main/public/products_processed/we-love-eyes-in-between-eyelash-cleansing-brush.png
twenty-twenty-clean-sweep-mascara-pitch-black-10ml,https://raw.githubusercontent.com/Mobo4/dryeyela-hydrogen/main/public/products_processed/twenty-twenty-clean-sweep-mascara-pitch-black-10ml.png
eyeeco-small-moisture-release-eyewear-premium-gasket-and-gray-lens,https://raw.githubusercontent.com/Mobo4/dryeyela-hydrogen/main/public/products_processed/eyeeco-small-moisture-release-eyewear-premium-gasket-and-gray-lens.png
is-clinical-eye-complex-15g-0-5-oz,https://raw.githubusercontent.com/Mobo4/dryeyela-hydrogen/main/public/products_processed/is-clinical-eye-complex-15g-0-5-oz.png
mediviz-cooling-eye-mask-for-puffy-eyes-allergies-sinuses-and-itchy-eyes,https://raw.githubusercontent.com/Mobo4/dryeyela-hydrogen/main/public/products_processed/mediviz-cooling-eye-mask-for-puffy-eyes-allergies-sinuses-and-itchy-eyes.png
prn-eye-omega-benefits-for-kids-epa-dha-for-children-s-healthy-eyes,https://raw.githubusercontent.com/Mobo4/dryeyela-hydrogen/main/public/products_processed/prn-eye-omega-benefits-for-kids-epa-dha-for-children-s-healthy-eyes.png
blink-triple-care-3-in-1-eye-drops-for-moderate-to-severe-dry-eye,https://raw.githubusercontent.com/Mobo4/dryeyela-hydrogen/main/public/products_processed/blink-triple-care-3-in-1-eye-drops-for-moderate-to-severe-dry-eye.png
systane-hydration-pf-lubricant-eye-drops-preservative-free-multidose-bottle-10ml,https://raw.githubusercontent.com/Mobo4/dryeyela-hydrogen/main/public/products_processed/systane-hydration-pf-lubricant-eye-drops-preservative-free-multidose-bottle-10ml.png
vibrant-vue-contact-lens-hand-prep-alcohol-free-safe-for-hands-around-eyes-2-sizes,https://raw.githubusercontent.com/Mobo4/dryeyela-hydrogen/main/public/products_processed/vibrant-vue-contact-lens-hand-prep-alcohol-free-safe-for-hands-around-eyes-2-sizes.png
hydrus-concentrate-8oz-bottle-equals-24-servings,https://raw.githubusercontent.com/Mobo4/dryeyela-hydrogen/main/public/products_processed/hydrus-concentrate-8oz-bottle-equals-24-servings.png
complete-multi-purpose-solution-contact-lens-disinfection-solution,https://raw.githubusercontent.com/Mobo4/dryeyela-hydrogen/main/public/products_processed/complete-multi-purpose-solution-contact-lens-disinfection-solution.png
i-med-pharma-i-defense-lubricant-eye-ointment-sterile-5g-tube,https://raw.githubusercontent.com/Mobo4/dryeyela-hydrogen/main/public/products_processed/i-med-pharma-i-defense-lubricant-eye-ointment-sterile-5g-tube.png
tearrestore-hylawipe-lid-hygiene-for-dry-eyes-and-allergies-30ct-wipes,https://raw.githubusercontent.com/Mobo4/dryeyela-hydrogen/main/public/products_processed/tearrestore-hylawipe-lid-hygiene-for-dry-eyes-and-allergies-30ct-wipes.png
myboclean-hydrating-lids-and-lash-cleansing-gel-2-pc-1-year-supply,https://raw.githubusercontent.com/Mobo4/dryeyela-hydrogen/main/public/products_processed/myboclean-hydrating-lids-and-lash-cleansing-gel-2-pc-1-year-supply.png
quartz-hydrating-sleep-mask-nighttime-relief-clear,https://raw.githubusercontent.com/Mobo4/dryeyela-hydrogen/main/public/products_processed/quartz-hydrating-sleep-mask-nighttime-relief-clear.png
we-love-eyes-p-m-eyelid-gel-for-puffy-eyes-fine-lines-under-eye-bags-botanical-vegan-ingredients,https://raw.githubusercontent.com/Mobo4/dryeyela-hydrogen/main/public/products_processed/we-love-eyes-p-m-eyelid-gel-for-puffy-eyes-fine-lines-under-eye-bags-botanical-vegan-ingredients.jpg
onyix-hydrating-nighttime-sleep-mask-for-dry-eye-relief-black,https://raw.githubusercontent.com/Mobo4/dryeyela-hydrogen/main/public/products_processed/onyix-hydrating-nighttime-sleep-mask-for-dry-eye-relief-black.png
oasis-tears-multidose-bottle-lubricant-eye-drops-10ml,https://raw.githubusercontent.com/Mobo4/dryeyela-hydrogen/main/public/products_processed/oasis-tears-multidose-bottle-lubricant-eye-drops-10ml.png
dryeye-rescue-moderate-dry-eye-bundle-4-items,https://raw.githubusercontent.com/Mobo4/dryeyela-hydrogen/main/public/products_processed/dryeye-rescue-moderate-dry-eye-bundle-4-items.png
biodegradable-eyelid-wipes-for-eyelid-cleaning-20ct,https://raw.githubusercontent.com/Mobo4/dryeyela-hydrogen/main/public/products_processed/biodegradable-eyelid-wipes-for-eyelid-cleaning-20ct.png
eyeganics-100-organic-preservative-free-eye-drops-for-dry-eyes,https://raw.githubusercontent.com/Mobo4/dryeyela-hydrogen/main/public/products_processed/eyeganics-100-organic-preservative-free-eye-drops-for-dry-eyes.png
bruder-eye-compress-moist-heat-professional-model-for-dry-eyes,https://raw.githubusercontent.com/Mobo4/dryeyela-hydrogen/main/public/products_processed/bruder-eye-compress-moist-heat-professional-model-for-dry-eyes.png
optase-cooling-mask-for-allergies-and-puffy-eyes-re-usable,https://raw.githubusercontent.com/Mobo4/dryeyela-hydrogen/main/public/products_processed/optase-cooling-mask-for-allergies-and-puffy-eyes-re-usable.png
the-eye-doctor-featuring-sterileyes-antibacterial-hot-eye-compress-for-dry-eye-blepharitis-and-mgd-with-a-removable-cover,https://raw.githubusercontent.com/Mobo4/dryeyela-hydrogen/main/public/products_processed/the-eye-doctor-featuring-sterileyes-antibacterial-hot-eye-compress-for-dry-eye-blepharitis-and-mgd-with-a-removable-cover.png
the-eye-doctor-stye-relief-compress-reusable-microwaveable-hot-eye-patch-mask-treatment-of-stye,https://raw.githubusercontent.com/Mobo4/dryeyela-hydrogen/main/public/products_processed/the-eye-doctor-stye-relief-compress-reusable-microwaveable-hot-eye-patch-mask-treatment-of-stye.png
optase-daily-routine-dry-eye-bundle-drop-wipe-pm-ointment,https://raw.githubusercontent.com/Mobo4/dryeyela-hydrogen/main/public/products_processed/optase-daily-routine-dry-eye-bundle-drop-wipe-pm-ointment.png
bruder-moist-heat-eye-compress-pack-of-2-microwave-activated-fast-acting-and-effective-relief-for-dry-eye,https://raw.githubusercontent.com/Mobo4/dryeyela-hydrogen/main/public/products_processed/bruder-moist-heat-eye-compress-pack-of-2-microwave-activated-fast-acting-and-effective-relief-for-dry-eye.png
lastacaft-once-daily-eye-allergy-itch-relief-drops-twin-pack-2x5ml-120-day-bottle,https://raw.githubusercontent.com/Mobo4/dryeyela-hydrogen/main/public/products_processed/lastacaft-once-daily-eye-allergy-itch-relief-drops-twin-pack-2x5ml-120-day-bottle.png
lastacaft-once-daily-eye-allergy-itch-relief-drops-5ml-60-day-bottle,https://raw.githubusercontent.com/Mobo4/dryeyela-hydrogen/main/public/products_processed/lastacaft-once-daily-eye-allergy-itch-relief-drops-5ml-60-day-bottle.png
ocuvite-eye-vitamin-mineral-supplement-contains-zinc-vitamins-c-e-omega-3-lutein-zeaxanthin-90-softgels,https://raw.githubusercontent.com/Mobo4/dryeyela-hydrogen/main/public/products_processed/ocuvite-eye-vitamin-mineral-supplement-contains-zinc-vitamins-c-e-omega-3-lutein-zeaxanthin-90-softgels.png
zeiss-fog-defender-system-anti-fog-spray-for-glasses-1-spray-bottle-and-1-microfiber-cloth,https://raw.githubusercontent.com/Mobo4/dryeyela-hydrogen/main/public/products_processed/zeiss-fog-defender-system-anti-fog-spray-for-glasses-1-spray-bottle-and-1-microfiber-cloth.png
tea-tree-oil-lid-wipes-for-daily-hygiene-and-dry-eyes-20ct,https://raw.githubusercontent.com/Mobo4/dryeyela-hydrogen/main/public/products_processed/tea-tree-oil-lid-wipes-for-daily-hygiene-and-dry-eyes-20ct.png
zaditor-antihistamine-eye-care-allergy-eye-drops-5-ml-bottle,https://raw.githubusercontent.com/Mobo4/dryeyela-hydrogen/main/public/products_processed/zaditor-antihistamine-eye-care-allergy-eye-drops-5-ml-bottle.png
twenty-twenty-starter-set-eyeliner-lid-hygiene-and-eye-shadow,https://raw.githubusercontent.com/Mobo4/dryeyela-hydrogen/main/public/products_processed/twenty-twenty-starter-set-eyeliner-lid-hygiene-and-eye-shadow.png
oasis-lid-lash-tea-tree-oil-eyelid-lash-cleansing-pads,https://raw.githubusercontent.com/Mobo4/dryeyela-hydrogen/main/public/products_processed/oasis-lid-lash-tea-tree-oil-eyelid-lash-cleansing-pads.png
optase-dry-eye-kit-b-heat-mask-tea-tree-wipes-lubricant-spray,https://raw.githubusercontent.com/Mobo4/dryeyela-hydrogen/main/public/products_processed/optase-dry-eye-kit-b-heat-mask-tea-tree-wipes-lubricant-spray.png
optase-dry-eye-kit-c-heat-mask-cleaning-gel-and-intense-drops,https://raw.githubusercontent.com/Mobo4/dryeyela-hydrogen/main/public/products_processed/optase-dry-eye-kit-c-heat-mask-cleaning-gel-and-intense-drops.png
prn-de3-dry-eye-omega-benefits-6-month-supply-2-x-270ct-bottles,https://raw.githubusercontent.com/Mobo4/dryeyela-hydrogen/main/public/products_processed/prn-de3-dry-eye-omega-benefits-6-month-supply-2-x-270ct-bottles.png
daily-practice-eye-revive-foam-3-in-1-eye-care-cleanser-to-cleanse-hydrate-and-brighten-around-the-eyes-3-4oz-bottle-100ml,https://raw.githubusercontent.com/Mobo4/dryeyela-hydrogen/main/public/products_processed/daily-practice-eye-revive-foam-3-in-1-eye-care-cleanser-to-cleanse-hydrate-and-brighten-around-the-eyes-3-4oz-bottle-100ml.png
ivizia-sterile-lubricant-eye-drops-for-dry-eyes-preservative-free-dry-eye-relief-contact-lens-friendly-0-33-fl-oz-10ml-bottle,https://raw.githubusercontent.com/Mobo4/dryeyela-hydrogen/main/public/products_processed/ivizia-sterile-lubricant-eye-drops-for-dry-eyes-preservative-free-dry-eye-relief-contact-lens-friendly-0-33-fl-oz-10ml-bottle.png
ivizia-sterile-lubricant-eye-drops-for-dry-eyes-preservative-free-dry-eye-relief-contact-lens-friendly-0-17-fl-oz-5ml-bottle,https://raw.githubusercontent.com/Mobo4/dryeyela-hydrogen/main/public/products_processed/ivizia-sterile-lubricant-eye-drops-for-dry-eyes-preservative-free-dry-eye-relief-contact-lens-friendly-0-17-fl-oz-5ml-bottle.png
tangible-clean-12-oz-bottle-2-pack-approved-for-all-contact-lenses-including-hydra-peg-coatings-4-month-supply,https://raw.githubusercontent.com/Mobo4/dryeyela-hydrogen/main/public/products_processed/tangible-clean-12-oz-bottle-2-pack-approved-for-all-contact-lenses-including-hydra-peg-coatings-4-month-supply.png
twenty-twenty-full-brows-tinted-gel-for-fuller-eyebrows,https://raw.githubusercontent.com/Mobo4/dryeyela-hydrogen/main/public/products_processed/twenty-twenty-full-brows-tinted-gel-for-fuller-eyebrows.png
mediviz-tea-tree-eyelid-wipes-3-pack-of-eyelid-cleansing-wipes-3-x-30-wipes,https://raw.githubusercontent.com/Mobo4/dryeyela-hydrogen/main/public/products_processed/mediviz-tea-tree-eyelid-wipes-3-pack-of-eyelid-cleansing-wipes-3-x-30-wipes.png
refresh-optive-advanced-lubricant-eye-drops-30-vials,https://raw.githubusercontent.com/Mobo4/dryeyela-hydrogen/main/public/products_processed/refresh-optive-advanced-lubricant-eye-drops-30-vials.png
cliradex-naturally-fresh-healthy-eyes-towelettes-2-x-24-count-2-pack,https://raw.githubusercontent.com/Mobo4/dryeyela-hydrogen/main/public/products_processed/cliradex-naturally-fresh-healthy-eyes-towelettes-2-x-24-count-2-pack.png
menicon-lacripure-sterile-saline-solution-98-vials-for-scleral-lenses,https://raw.githubusercontent.com/Mobo4/dryeyela-hydrogen/main/public/products_processed/menicon-lacripure-sterile-saline-solution-98-vials-for-scleral-lenses.png
ocusoft-retaine-mgd-eye-drops-60-vials-preservative-free-2-pack,https://raw.githubusercontent.com/Mobo4/dryeyela-hydrogen/main/public/products_processed/ocusoft-retaine-mgd-eye-drops-60-vials-preservative-free-2-pack.png
blephadex-eyelid-wipes-2-month-supply-2-boxes-of-30-2-pack,https://raw.githubusercontent.com/Mobo4/dryeyela-hydrogen/main/public/products_processed/blephadex-eyelid-wipes-2-month-supply-2-boxes-of-30-2-pack.png
oasis-tears-preservative-free-eye-drops-multi-drop-bottle-2-pack-600-drops,https://raw.githubusercontent.com/Mobo4/dryeyela-hydrogen/main/public/products_processed/oasis-tears-preservative-free-eye-drops-multi-drop-bottle-2-pack-600-drops.png
nutrifill-preservative-free-scleral-hybrid-and-gas-permeable-gp-lens-insertion-solution-3-pack-of-35-vials,https://raw.githubusercontent.com/Mobo4/dryeyela-hydrogen/main/public/products_processed/nutrifill-preservative-free-scleral-hybrid-and-gas-permeable-gp-lens-insertion-solution-3-pack-of-35-vials.png
boston-advance-cleaner-solution-for-gas-permeable-contact-lenses-1-fl-oz,https://raw.githubusercontent.com/Mobo4/dryeyela-hydrogen/main/public/products_processed/boston-advance-cleaner-solution-for-gas-permeable-contact-lenses-1-fl-oz.png
bausch-lomb-opcon-a-eye-drops-for-allergy-relief-15ml,https://raw.githubusercontent.com/Mobo4/dryeyela-hydrogen/main/public/products_processed/bausch-lomb-opcon-a-eye-drops-for-allergy-relief-15ml.png
we-love-eyes-tea-tree-eyelid-foaming-cleanser-refill-250ml-bottle,https://raw.githubusercontent.com/Mobo4/dryeyela-hydrogen/main/public/products_processed/we-love-eyes-tea-tree-eyelid-foaming-cleanser-refill-250ml-bottle.png
we-love-eyes-tea-tree-water-eyelid-foaming-cleanser,https://raw.githubusercontent.com/Mobo4/dryeyela-hydrogen/main/public/products_processed/we-love-eyes-tea-tree-water-eyelid-foaming-cleanser.png
we-love-eyes-tea-tree-eyelid-eyelash-foaming-cleanser-25ml-mini-size,https://raw.githubusercontent.com/Mobo4/dryeyela-hydrogen/main/public/products_processed/we-love-eyes-tea-tree-eyelid-eyelash-foaming-cleanser-25ml-mini-size.png
muro-128-eye-drops-temporary-relief-for-corneal-edema-2-solution-0-5-fl-oz,https://raw.githubusercontent.com/Mobo4/dryeyela-hydrogen/main/public/products_processed/muro-128-eye-drops-temporary-relief-for-corneal-edema-2-solution-0-5-fl-oz.png
magic-touch-eye-drop-applicator-easy-to-use-reduce-waste,https://raw.githubusercontent.com/Mobo4/dryeyela-hydrogen/main/public/products_processed/magic-touch-eye-drop-applicator-easy-to-use-reduce-waste.png
nictavi-disposable-device-for-nighttime-eye-lid-closure-15ct,https://raw.githubusercontent.com/Mobo4/dryeyela-hydrogen/main/public/products_processed/nictavi-disposable-device-for-nighttime-eye-lid-closure-15ct.png
menicon-progent-biweekly-contact-lens-cleaner-removes-protein-deposits-7-treatments-with-large-diameter-case-bundle,https://raw.githubusercontent.com/Mobo4/dryeyela-hydrogen/main/public/products_processed/menicon-progent-biweekly-contact-lens-cleaner-removes-protein-deposits-7-treatments-with-large-diameter-case-bundle.png
we-love-eyes-lashfull-thinkin-lash-brow-follicle-oil-10ml,https://raw.githubusercontent.com/Mobo4/dryeyela-hydrogen/main/public/products_processed/we-love-eyes-lashfull-thinkin-lash-brow-follicle-oil-10ml.png
optase-hylo-relief-dry-eye-preservative-free-therapy-drops-300-drops,https://raw.githubusercontent.com/Mobo4/dryeyela-hydrogen/main/public/products_processed/optase-hylo-relief-dry-eye-preservative-free-therapy-drops-300-drops.png
tearrestore-neutrawipe-hypochlorous-eyelid-wipes-30-count,https://raw.githubusercontent.com/Mobo4/dryeyela-hydrogen/main/public/products_processed/tearrestore-neutrawipe-hypochlorous-eyelid-wipes-30-count.png
blink-tears-preservative-free-lubricating-eye-drops-50ct-2-x-25-2-pack,https://raw.githubusercontent.com/Mobo4/dryeyela-hydrogen/main/public/products_processed/blink-tears-preservative-free-lubricating-eye-drops-50ct-2-x-25-2-pack.png
clear-care-plus-cleaning-solution-with-lens-case-twin-pack-multi-12-oz-pack-of-2,https://raw.githubusercontent.com/Mobo4/dryeyela-hydrogen/main/public/products_processed/clear-care-plus-cleaning-solution-with-lens-case-twin-pack-multi-12-oz-pack-of-2.png
blink-gel-tears-lubricating-eye-drops-2-pack-2-x-10ml-bottles,https://raw.githubusercontent.com/Mobo4/dryeyela-hydrogen/main/public/products_processed/blink-gel-tears-lubricating-eye-drops-2-pack-2-x-10ml-bottles.png
optase-intense-preservative-free-with-magic-touch-applicator,https://raw.githubusercontent.com/Mobo4/dryeyela-hydrogen/main/public/products_processed/optase-intense-preservative-free-with-magic-touch-applicator.png
genteal-tears-lubricant-eye-drops-for-severe-day-and-night-relief-8ml-0-3-fl-oz,https://raw.githubusercontent.com/Mobo4/dryeyela-hydrogen/main/public/products_processed/genteal-tears-lubricant-eye-drops-for-severe-day-and-night-relief-8ml-0-3-fl-oz.png
maxitears-pro-dry-eye-formula-120-softgels-1-month-supply,https://raw.githubusercontent.com/Mobo4/dryeyela-hydrogen/main/public/products_processed/maxitears-pro-dry-eye-formula-120-softgels-1-month-supply.png
eyecloud-instants-4-pack-replacement-inserts,https://raw.githubusercontent.com/Mobo4/dryeyela-hydrogen/main/public/products_processed/eyecloud-instants-4-pack-replacement-inserts.png
tranquileyes-thermoeyes-xl-instant-replacement-kit-contains-2-gel-packs-and-2-pockets,https://raw.githubusercontent.com/Mobo4/dryeyela-hydrogen/main/public/products_processed/tranquileyes-thermoeyes-xl-instant-replacement-kit-contains-2-gel-packs-and-2-pockets.png
ocusoft-retaine-mgd-with-magic-touch-easy-drop-applicator,https://raw.githubusercontent.com/Mobo4/dryeyela-hydrogen/main/public/products_processed/ocusoft-retaine-mgd-with-magic-touch-easy-drop-applicator.png
avenova-eye-health-support-with-maquibright-omega-3-60ct-1-month-supply,https://raw.githubusercontent.com/Mobo4/dryeyela-hydrogen/main/public/products_processed/avenova-eye-health-support-with-maquibright-omega-3-60ct-1-month-supply.png
macularprotect-complete-areds2-formula-for-macula-and-whole-body-health,https://raw.githubusercontent.com/Mobo4/dryeyela-hydrogen/main/public/products_processed/macularprotect-complete-areds2-formula-for-macula-and-whole-body-health.png
eyeeco-dry-eye-relief-mask-d-e-r-m-with-comfort-cover,https://raw.githubusercontent.com/Mobo4/dryeyela-hydrogen/main/public/products_processed/eyeeco-dry-eye-relief-mask-d-e-r-m-with-comfort-cover.png
thermoeyes-instant-replacement-kit-4-total-inserts-and-2-white-pockets,https://raw.githubusercontent.com/Mobo4/dryeyela-hydrogen/main/public/products_processed/thermoeyes-instant-replacement-kit-4-total-inserts-and-2-white-pockets.png
natural-preservative-free-eye-drops-for-dryness-by-sunnie-11ml-bottle-330-drops,https://raw.githubusercontent.com/Mobo4/dryeyela-hydrogen/main/public/products_processed/natural-preservative-free-eye-drops-for-dryness-by-sunnie-11ml-bottle-330-drops.png
natural-preservative-free-eye-drops-for-digital-eye-strain-by-sunnie-11ml-bottle-330-drops,https://raw.githubusercontent.com/Mobo4/dryeyela-hydrogen/main/public/products_processed/natural-preservative-free-eye-drops-for-digital-eye-strain-by-sunnie-11ml-bottle-330-drops.png
nordic-naturals-proomega-gummy-chews-no-sugar-54-pack,https://raw.githubusercontent.com/Mobo4/dryeyela-hydrogen/main/public/products_processed/nordic-naturals-proomega-gummy-chews-no-sugar-54-pack.png
ocusoft-lid-scrub-plus-foam-for-advanced-dry-eye-50ml-bottle,https://raw.githubusercontent.com/Mobo4/dryeyela-hydrogen/main/public/products_processed/ocusoft-lid-scrub-plus-foam-for-advanced-dry-eye-50ml-bottle.png
optase-allegro-eye-drops-for-allergy-related-dry-eye-symptoms-10ml,https://raw.githubusercontent.com/Mobo4/dryeyela-hydrogen/main/public/products_processed/optase-allegro-eye-drops-for-allergy-related-dry-eye-symptoms-10ml.png
natural-preservative-free-eye-drops-for-redness-by-sunnie-11ml-bottle-330-drops,https://raw.githubusercontent.com/Mobo4/dryeyela-hydrogen/main/public/products_processed/natural-preservative-free-eye-drops-for-redness-by-sunnie-11ml-bottle-330-drops.png
regener-eyes-pro-3-pack-eye-drops-3-x-3ml-bottles-2-3-month-supply,https://raw.githubusercontent.com/Mobo4/dryeyela-hydrogen/main/public/products_processed/regener-eyes-pro-3-pack-eye-drops-3-x-3ml-bottles-2-3-month-supply.png
biotrue-hydration-boost-eye-drops-preservative-free-soft-contact-lens-friendly-for-irritated-and-dry-eyes-10-ml-pack-of-2-600-drops,https://raw.githubusercontent.com/Mobo4/dryeyela-hydrogen/main/public/products_processed/biotrue-hydration-boost-eye-drops-preservative-free-soft-contact-lens-friendly-for-irritated-and-dry-eyes-10-ml-pack-of-2-600-drops.png
regener-eyes-lite-3-pack-eye-drops-3-x-3ml-bottles-2-month-supply,https://raw.githubusercontent.com/Mobo4/dryeyela-hydrogen/main/public/products_processed/regener-eyes-lite-3-pack-eye-drops-3-x-3ml-bottles-2-month-supply.png
ocusoft-oust-demodex-cleanser-compliance-kit-50ml-foam-with-100-pads,https://raw.githubusercontent.com/Mobo4/dryeyela-hydrogen/main/public/products_processed/ocusoft-oust-demodex-cleanser-compliance-kit-50ml-foam-with-100-pads.png
boston-original-conditioning-solution-for-rgp-contact-lenses-3-5-oz,https://raw.githubusercontent.com/Mobo4/dryeyela-hydrogen/main/public/products_processed/boston-original-conditioning-solution-for-rgp-contact-lenses-3-5-oz.png
eyetamins-vision-support-lutein-zeaxantin-areds-macular-support,https://raw.githubusercontent.com/Mobo4/dryeyela-hydrogen/main/public/products_processed/eyetamins-vision-support-lutein-zeaxantin-areds-macular-support.png
optic-nerve-formula-nutrition-support-for-optic-nerve-health-120ct,https://raw.githubusercontent.com/Mobo4/dryeyela-hydrogen/main/public/products_processed/optic-nerve-formula-nutrition-support-for-optic-nerve-health-120ct.png
bruder-hygienic-eyelid-cleansing-wipes-with-tea-tree-oil-30ct,https://raw.githubusercontent.com/Mobo4/dryeyela-hydrogen/main/public/products_processed/bruder-hygienic-eyelid-cleansing-wipes-with-tea-tree-oil-30ct.png
noveha-dry-eye-mask-with-washable-cover-microwavable-dual-eye,https://raw.githubusercontent.com/Mobo4/dryeyela-hydrogen/main/public/products_processed/noveha-dry-eye-mask-with-washable-cover-microwavable-dual-eye.jpg
alaway-eye-drops-preservative-free-antihistamine-eye-drops-for-up-to-12-hours-of-eye-itch-relief-20-single-dose-vials,https://raw.githubusercontent.com/Mobo4/dryeyela-hydrogen/main/public/products_processed/alaway-eye-drops-preservative-free-antihistamine-eye-drops-for-up-to-12-hours-of-eye-itch-relief-20-single-dose-vials.png
nordic-naturals-promacular-defense-90ct-3-month-supply,https://raw.githubusercontent.com/Mobo4/dryeyela-hydrogen/main/public/products_processed/nordic-naturals-promacular-defense-90ct-3-month-supply.png
noveha-dry-eye-mask-with-washable-cover-microwavable-single-eye,https://raw.githubusercontent.com/Mobo4/dryeyela-hydrogen/main/public/products_processed/noveha-dry-eye-mask-with-washable-cover-microwavable-single-eye.png
alaway-allergy-eye-drops-preservative-free-antihistamine-eye-drops-20-single-dose-vials-pack-of-2,https://raw.githubusercontent.com/Mobo4/dryeyela-hydrogen/main/public/products_processed/alaway-allergy-eye-drops-preservative-free-antihistamine-eye-drops-20-single-dose-vials-pack-of-2.png
biotrue-multipurpose-contact-lens-solution-travel-kit-with-case-2oz-60ml,https://raw.githubusercontent.com/Mobo4/dryeyela-hydrogen/main/public/products_processed/biotrue-multipurpose-contact-lens-solution-travel-kit-with-case-2oz-60ml.png
noveha-eyelid-and-lash-gel-cleanser-dry-eyes-styes-blepharitis-formula-pure-and-gentle-hypochlorous-acid-0-02-spray-120ml-4oz,https://raw.githubusercontent.com/Mobo4/dryeyela-hydrogen/main/public/products_processed/noveha-eyelid-and-lash-gel-cleanser-dry-eyes-styes-blepharitis-formula-pure-and-gentle-hypochlorous-acid-0-02-spray-120ml-4oz.png
we-love-eyes-lashfull-thinking-black-pressed-serum-mascara-with-widelash,https://raw.githubusercontent.com/Mobo4/dryeyela-hydrogen/main/public/products_processed/we-love-eyes-lashfull-thinking-black-pressed-serum-mascara-with-widelash.png
noveha-anti-demodex-eyelid-lash-wipes-for-blepharitis-and-dry-eyes-60ct,https://raw.githubusercontent.com/Mobo4/dryeyela-hydrogen/main/public/products_processed/noveha-anti-demodex-eyelid-lash-wipes-for-blepharitis-and-dry-eyes-60ct.png
noveha-allergy-relief-eyelid-wipes-with-tea-tree-oil-60ct,https://raw.githubusercontent.com/Mobo4/dryeyela-hydrogen/main/public/products_processed/noveha-allergy-relief-eyelid-wipes-with-tea-tree-oil-60ct.png
heyedrate-pro-by-prn-heat-mask-with-cover-for-dry-eyes,https://raw.githubusercontent.com/Mobo4/dryeyela-hydrogen/main/public/products_processed/heyedrate-pro-by-prn-heat-mask-with-cover-for-dry-eyes.png
eyeeco-tranquileyes-mini-mask-and-gasket-only,https://raw.githubusercontent.com/Mobo4/dryeyela-hydrogen/main/public/products_processed/eyeeco-tranquileyes-mini-mask-and-gasket-only.png
biotrue-multipurpose-contact-lens-solution-travel-kit-2-pack-2x-2oz-60ml,https://raw.githubusercontent.com/Mobo4/dryeyela-hydrogen/main/public/products_processed/biotrue-multipurpose-contact-lens-solution-travel-kit-2-pack-2x-2oz-60ml.png
lumify-redness-reliever-twin-pack-7-5ml-x-2,https://raw.githubusercontent.com/Mobo4/dryeyela-hydrogen/main/public/products_processed/lumify-redness-reliever-twin-pack-7-5ml-x-2.png
vibrant-vue-specialty-lens-starter-travel-kit-8-items,https://raw.githubusercontent.com/Mobo4/dryeyela-hydrogen/main/public/products_processed/vibrant-vue-specialty-lens-starter-travel-kit-8-items.jpg
twenty-twenty-get-growing-lash-brow-serum-2-pack-2-x-10ml-bottle-4-month-supply,https://raw.githubusercontent.com/Mobo4/dryeyela-hydrogen/main/public/products_processed/twenty-twenty-get-growing-lash-brow-serum-2-pack-2-x-10ml-bottle-4-month-supply.png
fortifeye-focus-eye-supplement-triple-carotenoid-including-astaxanthin-lutein-and-zeaxanthin-90-softgels,https://raw.githubusercontent.com/Mobo4/dryeyela-hydrogen/main/public/products_processed/fortifeye-focus-eye-supplement-triple-carotenoid-including-astaxanthin-lutein-and-zeaxanthin-90-softgels.png
fortifeye-next-gen-macular-defense-eye-and-whole-body-support-90ct-3-month-supply,https://raw.githubusercontent.com/Mobo4/dryeyela-hydrogen/main/public/products_processed/fortifeye-next-gen-macular-defense-eye-and-whole-body-support-90ct-3-month-supply.png
